{"loss": 1.1380025148391724, "accuracy": 64.0, "_runtime": 307, "_timestamp": 1614617834, "_step": 2428, "test_loss": 1.3995308876037598, "test_accuracy": 40.0}