{"loss": 1.5707321166992188, "accuracy": 36.0, "_runtime": 1320, "_timestamp": 1614617286, "_step": 11064, "test_loss": 0.8894233703613281, "test_accuracy": 72.0}